AVEN,AVENUE
AVE,AVENUE
AV,AVENUE
LN,LANE
APPTS,APARTMENTS
APTS,APARTMENTS
APPT,APARTMENT
APT,APARTMENT
BLK,BLOCK
BVLD,BOULEVARD
DR,DRIVE
RD,ROAD
PK,PARK
STR,STREET
NOS,NUMBERS
NO,NUMBER
HSE,HOUSE
BERKS,BERKSHIRE
WARKS,WARWICKSHIRE
BUCKS,BUCKINGHAMSHIRE
HANTS,HAMPSHIRE
LEICS,LEICESTERSHIRE
LINCS,LINCOLNSHIRE
LANCS,LANCASHIRE
MIDDX,MIDDLESEX
STAFFS,STAFFORDSHIRE
WORCS,WORCESTERSHIRE
WILTS,WILTSHIRE
HERTS,HERTFORDSHIRE
CAMBS,CAMBRIDGESHIRE
OXON,OXFORDSHIRE
HFDS,HERTFORDSHIRE
BEDS,BEDFORDSHIRE
GLOS,GLOUCESTERSHIRE
NORTHANTS,NORTHAMPTONSHIRE
ABUNETHEHILL,ABUNE-THE-HILL
HAIRBHE,H-AIRBHE
TOB,T-OB
APPLEBYINWESTMORLAND,APPLEBY-IN-WESTMORLAND
APPLETONLEMOORS,APPLETON-LE-MOORS
APPLETONLESTREET,APPLETON-LE-STREET
ASCOTTUNDERWYCHWOOD,ASCOTT-UNDER-WYCHWOOD
ASHBYDELAZOUCH,ASHBY-DE-LA-ZOUCH
ASHTONINMAKERFIELD,ASHTON-IN-MAKERFIELD
ASHTONUNDERLYNE,ASHTON-UNDER-LYNE
ASTONBYSTONE,ASTON-BY-STONE
BANCYFFORDD,BANC-Y-FFORDD
BANCHORYDEVENICK,BANCHORY-DEVENICK
BARKESTONELEVALE,BARKESTONE-LE-VALE
BARROWINFURNESS,BARROW-IN-FURNESS
BARTONLECLAY,BARTON-LE-CLAY
BARTONLESTREET,BARTON-LE-STREET
BARTONLEWILLOWS,BARTON-LE-WILLOWS
BARTONONTHEHEATH,BARTON-ON-THE-HEATH
BARTONUNDERNEEDWOOD,BARTON-UNDER-NEEDWOOD
BARTONUPONHUMBER,BARTON-UPON-HUMBER
BERWICKUPONTWEED,BERWICK-UPON-TWEED
BETWSYNRHOS,BETWS-YN-RHOS
BIDFORDONAVON,BIDFORD-ON-AVON
BIGBURYONSEA,BIGBURY-ON-SEA
BOLTONLESANDS,BOLTON-LE-SANDS
BOLTONONSWALE,BOLTON-ON-SWALE
BORTHYGEST,BORTH-Y-GEST
BOURTONONTHEHILL,BOURTON-ON-THE-HILL
BOURTONONTHEWATER,BOURTON-ON-THE-WATER
BOWNESSONSOLWAY,BOWNESS-ON-SOLWAY
BOWNESSONWINDERMERE,BOWNESS-ON-WINDERMERE
BRADFORDONAVON,BRADFORD-ON-AVON
BRADFORDONTONE,BRADFORD-ON-TONE
BRADWELLONSEA,BRADWELL-ON-SEA
BRAFIELDONTHEGREEN,BRAFIELD-ON-THE-GREEN
BRONYGAER,BRON-Y-GAER
BRYNCOCH,BRYN-COCH
BUCKLANDTOUTSAINTS,BUCKLAND-TOUT-SAINTS
BURNHAMONCROUCH,BURNHAM-ON-CROUCH
BURNHAMONSEA,BURNHAM-ON-SEA
BURTONINKENDAL,BURTON-IN-KENDAL
CAERLAN,CAER-LAN
CAISTERONSEA,CAISTER-ON-SEA
CARLTONLEMOORLAND,CARLTON-LE-MOORLAND
CARLTONONTRENT,CARLTON-ON-TRENT
CEFNCAERFERCH,CEFN-CAER-FERCH
CHAPELENLEFRITH,CHAPEL-EN-LE-FRITH
CHAPELLEDALE,CHAPEL-LE-DALE
CHARLTONALLSAINTS,CHARLTON-ALL-SAINTS
CHARLTONONOTMOOR,CHARLTON-ON-OTMOOR
CHESTERLESTREET,CHESTER-LE-STREET
CHORLTONCUMHARDY,CHORLTON-CUM-HARDY
CILIAUAERON,CILIAU-AERON
CLACHANSEIL,CLACHAN-SEIL
CLACTONONSEA,CLACTON-ON-SEA
CLAPTONINGORDANO,CLAPTON-IN-GORDANO
CLAPTONONTHEHILL,CLAPTON-ON-THE-HILL
CLAYTONLEMOORS,CLAYTON-LE-MOORS
CLAYTONLEWOODS,CLAYTON-LE-WOODS
NEWALLWITHCLIFTON,NEWALL-WITH-CLIFTON
CLIPSTONONTHEWOLDS,CLIPSTON-ON-THE-WOLDS
CORNHILLONTWEED,CORNHILL-ON-TWEED
COURTATSTREET,COURT-AT-STREET
CROESIAN,CROES-IAN
CROFTONTEES,CROFT-ON-TEES
CROSSATHAND,CROSS-AT-HAND
CROWSANWRA,CROWS-AN-WRA
CWMCEWYDD,CWM-CEWYDD
CWMLLINAU,CWM-LLINAU
CWMMORGAN,CWM-MORGAN
DALTONINFURNESS,DALTON-IN-FURNESS
DALTONLEDALE,DALTON-LE-DALE
DALTONONTEES,DALTON-ON-TEES
DINASMAWDDWY,DINAS-MAWDDWY
DUNHAMONTHEHILL,DUNHAM-ON-THE-HILL
EASTTHEWATER,EAST-THE-WATER
EASTONINGORDANO,EASTON-IN-GORDANO
EGLWYSBREWIS,EGLWYS-BREWIS
FFAIRRHOS,FFAIR-RHOS
FORESTINTEESDALE,FOREST-IN-TEESDALE
FRINTONONSEA,FRINTON-ON-SEA
GARNDOLBENMAEN,GARN-DOLBENMAEN
GARTONONTHEWOLDS,GARTON-ON-THE-WOLDS
GLANCONWY,GLAN-CONWY
GLANDWYFACH,GLAN-DWYFACH
GLYNCYWARCH,GLYN-CYWARCH
GLYNNEATH,GLYN-NEATH
GORINGBYSEA,GORING-BY-SEA
GRANGEOVERSANDS,GRANGE-OVER-SANDS
GRANTOWNONSPEY,GRANTOWN-ON-SPEY
GREATSTONEONSEA,GREATSTONE-ON-SEA
GWAUNCAEGURWEN,GWAUN-CAE-GURWEN
HAFODDINBYCH,HAFOD-DINBYCH
HAMBLLERICE,HAMBLE-LE-RICE
HAYONWYE,HAY-ON-WYE
HEDDONONTHEWALL,HEDDON-ON-THE-WALL
HENLEYINARDEN,HENLEY-IN-ARDEN
HENLEYONTHAMES,HENLEY-ON-THAMES
HEOLYCYW,HEOL-Y-CYW
HETTONLEHOLE,HETTON-LE-HOLE
BYTHESEA,BY-THE-SEA
HINTONINTHEHEDGES,HINTON-IN-THE-HEDGES
HOLEINTHEWALL,HOLE-IN-THE-WALL
HOLLANDONSEA,HOLLAND-ON-SEA
HOLMEONSPALDINGMOOR,HOLME-ON-SPALDING-MOOR
HOOKAGATE,HOOK-A-GATE
HORTONCUMSTUDLEY,HORTON-CUM-STUDLEY
HOUGHONTHEHILL,HOUGH-ON-THE-HILL
HOUGHTONLESIDE,HOUGHTON-LE-SIDE
HOWDENLEWEAR,HOWDEN-LE-WEAR
HURWORTHONTEES,HURWORTH-ON-TEES
HUTTONLEHOLE,HUTTON-LE-HOLE
INCEINMAKERFIELD,INCE-IN-MAKERFIELD
KIRKANDREWSUPONEDEN,KIRKANDREWS-UPON-EDEN
KIRKPATRICKFLEMING,KIRKPATRICK-FLEMING
ENDONSEA,END-ON-SEA
LEEONTHESOLENT,LEE-ON-THE-SOLENT
LEIGHONSEA,LEIGH-ON-SEA
LEOCHELCUSHNIE,LEOCHEL-CUSHNIE
LEYSDOWNONSEA,LEYSDOWN-ON-SEA
LITTLESTONEONSEA,LITTLESTONE-ON-SEA
LITTLETONONSEVERN,LITTLETON-ON-SEVERN
LLANBEDRDYFFRYNCLWYD,LLANBEDR-DYFFRYN-CLWYD
LLANDDEWIBREFI,LLANDDEWI-BREFI
LLANDEILORFAN,LLANDEILO'R-FAN
LLANDRILLOYNRHOS,LLANDRILLO-YN-RHOS
LLANELIANYNRHOS,LLANELIAN-YN-RHOS
LLANFAIRNANTGWYN,LLANFAIR-NANT-GWYN
LLANFAIRORLLWYN,LLANFAIR-ORLLWYN
LLANFAIRYNNEUBWLL,LLANFAIR-YN-NEUBWLL
LLANFIHANGELARARTH,LLANFIHANGEL-AR-ARTH
LLANFIHANGELNANTMELAN,LLANFIHANGEL-NANT-MELAN
LLANFIHANGELTALYLLYN,LLANFIHANGEL-TAL-Y-LLYN
LLANFIHANGELYCREUDDYN,LLANFIHANGEL-Y-CREUDDYN
LLANFIHANGELYNGNGWYNFA,LLANFIHANGEL-YNG-NGWYNFA
LLANGASTYTALYLLYN,LLANGASTY-TALYLLYN
LLANGATTOCKVIBONAVEL,LLANGATTOCK-VIBON-AVEL
LLANGWMISAF,LLANGWM-ISAF
LLANNERCHYMOR,LLANNERCH-Y-MOR
LLANRHAEADRYMMOCHNANT,LLANRHAEADR-YM-MOCHNANT
LLANSANTFFRAEDCWMDEUDDWR,LLANSANTFFRAED-CWMDEUDDWR
LLANSANTFFRAEDINELVEL,LLANSANTFFRAED-IN-ELVEL
LLANSANTFFRAIDYMMECHAIN,LLANSANTFFRAID-YM-MECHAIN
LLANVAIRDISCOED,LLANVAIR-DISCOED
LLANVIHANGELYSTERNLLEWERN,LLANVIHANGEL-YSTERN-LLEWERN
LLWYNMADOC,LLWYN-MADOC
NEWTONBYTHESEA,NEWTON-BY-THE-SEA
LYDDONSEA,LYDD-ON-SEA
LYDFORDONFOSSE,LYDFORD-ON-FOSSE
MAESTREYLOW,MAES-TREYLOW
MAESYCWMMER,MAES-Y-CWMMER
MARSKEBYTHESEA,MARSKE-BY-THE-SEA
MARTONLEMOOR,MARTON-LE-MOOR
MELINYWIG,MELIN-Y-WIG
MICHAELCHURCHONARROW,MICHAELCHURCH-ON-ARROW
MICHAELSTONLEPIT,MICHAELSTON-LE-PIT
MICHAELSTONYFEDW,MICHAELSTON-Y-FEDW
MIDDLETONINTEESDALE,MIDDLETON-IN-TEESDALE
MIDDLETONONLEVEN,MIDDLETON-ON-LEVEN
MIDDLETONONSEA,MIDDLETON-ON-SEA
MIDDLETONONTHEWOLDS,MIDDLETON-ON-THE-WOLDS
MILTONUNDERWYCHWOOD,MILTON-UNDER-WYCHWOOD
MORETONINMARSH,MORETON-IN-MARSH
MORTONONSWALE,MORTON-ON-SWALE
MYTONONSWALE,MYTON-ON-SWALE
NEWBIGGINBYTHESEA,NEWBIGGIN-BY-THE-SEA
NEWBIGGINONLUNE,NEWBIGGIN-ON-LUNE
NEWBRIDGEONUSK,NEWBRIDGE-ON-USK
NEWCASTLEUNDERLYME,NEWCASTLE-UNDER-LYME
NEWPORTONTAY,NEWPORT-ON-TAY
NEWTONLEWILLOWS,NEWTON-LE-WILLOWS
NEWTONONOUSE,NEWTON-ON-OUSE
NEWTONONRAWCLIFFE,NEWTON-ON-RAWCLIFFE
NEWTONONTHEMOOR,NEWTON-ON-THE-MOOR
NORTONJUXTATWYCROSS,NORTON-JUXTA-TWYCROSS
NORTONLECLAY,NORTON-LE-CLAY
OCHRYMYNYDD,OCHR-Y-MYNYDD
OGMOREBYSEA,OGMORE-BY-SEA
OLDBURYONSEVERN,OLDBURY-ON-SEVERN
ORTONONTHEHILL,ORTON-ON-THE-HILL
PENYPARK,PEN-Y-PARK
PENTRERFELIN,PENTRE'R-FELIN
PENTREDOLAUHONDDU,PENTRE-DOLAU-HONDDU
PENTREDWR,PENTRE-DWR
ENTRELLWYNLLWYD,ENTRE-LLWYN-LLWYD
PENTREPOETH,PENTRE-POETH
PETERSTONSUPERELY,PETERSTON-SUPER-ELY
PLASRHIWSAESON,PLAS-RHIW-SAESON
PLASYNCEFN,PLAS-YN-CEFN
PONTHENRI,PONT-HENRI
PORTSLADEBYSEA,PORTSLADE-BY-SEA
POULTONLEFYLDE,POULTON-LE-FYLDE
PRAZEANBEEBLE,PRAZE-AN-BEEBLE
PRESTONUNDERSCAR,PRESTON-UNDER-SCAR
RHOSONSEA,RHOS-ON-SEA
RHOSYMEIRCH,RHOS-Y-MEIRCH
RHYDDDU,RHYD-DDU
ROSSONWYE,ROSS-ON-WYE
RUYTONXITOWNS,RUYTON-XI-TOWNS
RYTONONDUNSMORE,RYTON-ON-DUNSMORE
SALTBURNBYTHESEA,SALTBURN-BY-THE-SEA
SANDFORDONTHAMES,SANDFORD-ON-THAMES
SARNMEYLLTEYRN,SARN-MEYLLTEYRN
SHIPTONONCHERWELL,SHIPTON-ON-CHERWELL
SHIPTONUNDERWYCHWOOD,SHIPTON-UNDER-WYCHWOOD
SHOREHAMBYSEA,SHOREHAM-BY-SEA
SKIPTONONSWALE,SKIPTON-ON-SWALE
SOUTHENDONSEA,SOUTHEND-ON-SEA
BRIDESSUPERELY,BRIDE'S-SUPER-ELY
STANFORDLEHOPE,STANFORD-LE-HOPE
STANTONONTHEWOLDS,STANTON-ON-THE-WOLDS
STAVELEYINCARTMEL,STAVELEY-IN-CARTMEL
STOCKTONONTEES,STOCKTON-ON-TEES
STOKEBYNAYLAND,STOKE-BY-NAYLAND
STOKEONTRENT,STOKE-ON-TRENT
STOURPORTONSEVERN,STOURPORT-ON-SEVERN
STOWONTHEWOLD,STOW-ON-THE-WOLD
STRATFORDUPONAVON,STRATFORD-UPON-AVON
STRATTONONTHEFOSSE,STRATTON-ON-THE-FOSSE
STRETTONONDUNSMORE,STRETTON-ON-DUNSMORE
STRETTONONFOSSE,STRETTON-ON-FOSSE
SUTTONINCRAVEN,SUTTON-IN-CRAVEN
SUTTONONHULL,SUTTON-ON-HULL
SUTTONONTHEFOREST,SUTTON-ON-THE-FOREST
SUTTONUNDERBRAILES,SUTTON-UNDER-BRAILES
SUTTONUNDERWHITESTONECLIFFE,SUTTON-UNDER-WHITESTONECLIFFE
TAFARNYGELYN,TAFARN-Y-GELYN
TALYCAE,TAL-Y-CAE
TALYBONTONUSK,TALYBONT-ON-USK
THORNABYONTEES,THORNABY-ON-TEES
THORNTONINCRAVEN,THORNTON-IN-CRAVEN
THORNTONLEBEANS,THORNTON-LE-BEANS
THORNTONLECLAY,THORNTON-LE-CLAY
THORNTONLEDALE,THORNTON-LE-DALE
THORNTONLEMOOR,THORNTON-LE-MOOR
THORNTONLEMOORS,THORNTON-LE-MOORS
THORNTONLESTREET,THORNTON-LE-STREET
THORPELESOKEN,THORPE-LE-SOKEN
TONPENTRE,TON-PENTRE
TOUCHENEND,TOUCHEN-END
TWYNYSHERIFF,TWYN-Y-SHERIFF
TYNYCWM,TYN-Y-CWM
WALTONINGORDANO,WALTON-IN-GORDANO
WALTONLEDALE,WALTON-LE-DALE
WALTONONTHENAZE,WALTON-ON-THE-NAZE
WALTONONTHAMES,WALTON-ON-THAMES
WALTONONTHEHILL,WALTON-ON-THE-HILL
WALTONONTRENT,WALTON-ON-TRENT
WATTONATSTONE,WATTON-AT-STONE
WELFORDONAVON,WELFORD-ON-AVON
WELLSNEXTTHESEA,WELLS-NEXT-THE-SEA
WESTBURYONSEVERN,WESTBURY-ON-SEVERN
WESTBURYSUBMENDIP,WESTBURY-SUB-MENDIP
WESTCLIFFONSEA,WESTCLIFF-ON-SEA
WESTONINGORDANO,WESTON-IN-GORDANO
WESTONONTHEGREEN,WESTON-ON-THE-GREEN
WESTONONTRENT,WESTON-ON-TRENT
WESTONSUPERMARE,WESTON-SUPER-MARE
WESTONUNDERLIZARD,WESTON-UNDER-LIZARD
WHITTLELEWOODS,WHITTLE-LE-WOODS
WHITWELLONTHEHILL,WHITWELL-ON-THE-HILL
WILLOUGHBYONTHEWOLDS,WILLOUGHBY-ON-THE-WOLDS
WINTERTONONSEA,WINTERTON-ON-SEA
WITTONLEWEAR,WITTON-LE-WEAR
WOTTONUNDEREDGE,WOTTON-UNDER-EDGE
YSGUBORYCOED,YSGUBOR-Y-COED
KIRKBYINFURNESS,KIRKBY-IN-FURNESS
QUAYONTYNE,QUAY-ON-TYNE
TANYBWLCH,TAN-Y-BWLCH
RHOSBAYVIL,RHOS-BAYVIL
PORTINSHERRICH,PORT-IN-SHERRICH
PONTTYWELI,PONT-TYWELI
PLASLLANRHYDD,PLAS-LLANRHYDD
PENRHOSLLIGWY,PENRHOS-LLIGWY
PENNANTMELANGELL,PENNANT-MELANGELL
LLANFIHANGELYSTRAD,LLANFIHANGEL-YSTRAD
LLANFIHANGELTYNSYLWY,LLANFIHANGEL-TY'N-SYLWY
LLANFIHANGELRHOSYCORN,LLANFIHANGEL-RHOS-Y-CORN
LLANFIHANGELGENEURGLYN,LLANFIHANGEL-GENEU'R-GLYN
LLANFIHANGELBRYNPABUAN,LLANFIHANGEL-BRYN-PABUAN
LLANERCHAERON,LLANERCH-AERON
LLANARMONMYNYDDMAWR,LLANARMON-MYNYDD-MAWR
LANGLEYONTYNE,LANGLEY-ON-TYNE
KINGSNORTHONMEDWAY,KINGSNORTH-ON-MEDWAY
HENDREFORGAN,HENDRE-FORGAN
FFALDYBRENIN,FFALD-Y-BRENIN
EGLWYSCYMMYN,EGLWYS-CYMMYN
DRUMSHANBOGLEBE,DRUMSHANBO-GLEBE
COEDTALON,COED-TALON
CUMBERLADY,CUMBER-LADY
CERRIGYDRUIDION,CERRIG-Y-DRUIDION
CARNNACUIMHNE,CARN-NA-CUIMHNE
CAPELIFAN,CAPEL-IFAN
CANVEYONSEA,CANVEY-ON-SEA
ABERBRÂN,ABER-BRÂN
HAVERINGATTEBOWER,HAVERING-ATTE-BOWER
MONTFORTSURRISLE,MONTFORT-SUR-RISLE
HAYEDUPUITS,HAYE-DU-PUITS
ASHTONONRIBBLE,ASHTON-ON-RIBBLE
HIOLAIRE,H-IOLAIRE
AINSDALEONSEA,AINSDALE-ON-SEA
FOURWAYS,FOUR-WAYS
NORTONLEMOORS,NORTON-LE-MOORS
BORTHYGAST,BORTH-Y-GAST
THOLTEWILL,THOLT-E-WILL
CREGNYBAA,CREG-NY-BAA
KNOCKEDOONEY,KNOCK-E-DOONEY
LAGNAKEIL,LAG-NA-KEIL
WHITCHURCHONTHAMES,WHITCHURCH-ON-THAMES
NEWTONBYTATTENHALL,NEWTON-BY-TATTENHALL
BASSINGBOURNCUMKNEESWORTH,BASSINGBOURN-CUM-KNEESWORTH
WAILLYBEAUCAMP,WAILLY-BEAUCAMP
PENTREMORGAN,PENTRE-MORGAN
